chr1	10042756	10042757	utr	-14351
chr1	11082793	11082794	utr	-808
chr1	11083407	11083408	utr	-194
chr1	11850738	11850739	utr	-269
chr1	11906063	11906064	utr	11
chr1	26126701	26126702	utr	31
chr1	47882945	47882946	utr	992
chr1	76190466	76190467	utr	109
chr1	76227055	76227056	utr	16589
chr1	91381762	91381763	utr	-15163
chr1	100661811	100661812	utr	17977
chr1	100676247	100676248	utr	-15839
chr1	113498813	113498814	utr	4
chr1	119965242	119965243	utr	3116
chr1	145507645	145507646	utr	11
chr1	150769274	150769275	utr	354
chr1	151372054	151372055	utr	21
chr1	154140414	154140415	utr	-1433
chr1	159174682	159174683	utr	33
chr1	160001798	160001799	intergenic	61
chr1	161277214	161277215	utr	4
chr1	198776930	198776931	lincrna	-19892
chr1	198867677	198867678	lincrna	-1227
chr1	198868083	198868084	lincrna	-821
chr1	198869513	198869514	lincrna	609
chr1	206948630	206948631	intergenic	2691
chr1	228337557	228337558	utr	-34
chr1	228337560	228337561	utr	-31
chr1	229567247	229567248	utr	16
chr1	231623061	231623062	intergenic	-15810
chr10	27389388	27389389	utr	-4
chr10	27826977	27826978	utr	-1011
chr10	56424005	56424006	utr	13537
chr10	56424015	56424016	utr	13547
chr10	72643708	72643709	utr	98
chr10	73472419	73472420	utr	13
chr10	86018467	86018468	utr	13665
chr10	89623364	89623365	utr	12
chr10	89725228	89725229	utr	-1459
chr10	94353131	94353132	utr	175
chr10	102546769	102546770	vista	3334
chr11	299503	299504	utr	-16
chr11	2182418	2182419	utr	-19
chr11	2182531	2182532	utr	94
chr11	2182542	2182543	utr	105
chr11	2193085	2193086	utr	48
chr11	5246712	5246713	utr	-3
chr11	5246714	5246715	utr	-1
chr11	5246715	5246716	utr	0
chr11	5246716	5246717	utr	1
chr11	5246717	5246718	utr	2
chr11	5246821	5246822	utr	10
chr11	5246829	5246830	utr	18
chr11	5246829	5246830	utr	7
chr11	5248268	5248269	utr	-26
chr11	5248279	5248280	utr	-15
chr11	5248290	5248291	utr	-4
chr11	5248300	5248301	utr	6
chr11	5255743	5255744	utr	4
chr11	5255788	5255789	utr	33
chr11	5255789	5255790	utr	34
chr11	5271200	5271201	intergenic	114
chr11	5271203	5271204	intergenic	117
chr11	5271281	5271282	intergenic	195
chr11	5271282	5271283	intergenic	196
chr11	5271284	5271285	intergenic	198
chr11	6640421	6640422	utr	-217
chr11	17409771	17409772	utr	-421
chr11	17416823	17416824	utr	5954
chr11	17418461	17418462	utr	7592
chr11	17498512	17498513	intergenic	164
chr11	31685944	31685945	vista	14383
chr11	31811482	31811483	utr	-839
chr11	46761054	46761055	utr	16044
chr11	47470714	47470715	utr	11
chr11	47470725	47470726	utr	22
chr11	61735060	61735061	utr	1
chr11	64570984	64570985	utr	278
chr11	64571672	64571673	utr	966
chr11	64571807	64571808	utr	1101
chr11	65306550	65306551	utr	-777
chr11	66024555	66024556	intergenic	-15
chr11	66278115	66278116	utr	17
chr11	66278480	66278481	utr	382
chr11	66288739	66288740	utr	10641
chr11	67132608	67132609	utr	-1524
chr11	108165786	108165787	utr	8009
chr11	108165786	108165787	utr	8009
chr11	108202167	108202168	utr	44390
chr11	117282881	117282882	utr	1272
chr11	126174177	126174178	utr	-9
chr12	7053636	7053637	utr	-42
chr12	12870316	12870317	utr	22
chr12	12870693	12870694	utr	295
chr12	28111491	28111492	utr	53
chr12	102123007	102123008	utr	-10226
chr12	102190451	102190452	utr	3006
chr12	103311314	103311315	utr	-195
chr12	108961425	108961426	utr	-1187
chr13	29233224	29233225	intergenic	35
chr13	29233224	29233225	intergenic	6
chr13	32890589	32890590	utr	388
chr13	38923900	38923901	intergenic	-42
chr13	48835357	48835358	utr	27
chr13	48877850	48877851	intergenic	5
chr13	48877859	48877860	intergenic	14
chr13	52535994	52535995	utr	-14
chr13	52585893	52585894	intergenic	46
chr13	52585896	52585897	intergenic	49
chr13	84452862	84452863	utr	578
chr14	36986482	36986483	utr	-442
chr14	55310735	55310736	utr	1463
chr14	76425034	76425035	utr	-10
chr14	90871036	90871037	utr	10
chr15	23891086	23891087	utr	-1909
chr15	23891127	23891128	utr	-1868
chr15	23891128	23891129	utr	-1867
chr15	23891236	23891237	intergenic	-1759
chr15	23891268	23891269	intergenic	-1727
chr15	25584276	25584277	utr	-5213
chr15	25584284	25584285	utr	-5205
chr15	44892662	44892663	utr	-67
chr15	48936800	48936801	utr	-86
chr15	68501976	68501977	utr	-2180
chr15	68501977	68501978	utr	-2179
chr15	91303374	91303375	utr	-1013
chr16	222910	222911	utr	40
chr16	223596	223597	utr	21
chr16	223596	223597	utr	21
chr16	223596	223597	utr	21
chr16	223597	223598	utr	22
chr16	223598	223599	utr	23
chr16	223689	223690	utr	-12
chr16	223690	223691	utr	-11
chr16	223692	223693	utr	-9
chr16	2112000	2112001	utr	5866
chr16	2112006	2112007	utr	5872
chr16	16243951	16243952	utr	8761
chr16	21270101	21270102	utr	-19484
chr16	23464142	23464143	lincrna	-317
chr16	30097545	30097546	utr	1207
chr16	57673284	57673285	utr	-29
chr16	67681505	67681506	utr	2436
chr16	86105694	86105695	intergenic	22762
chr16	86546688	86546689	utr	61
chr16	88876106	88876107	utr	-1804
chr16	89337318	89337319	utr	-2131
chr16	89717993	89717994	utr	-6058
chr16	89805117	89805118	utr	14897
chr16	89805697	89805698	utr	15477
chr17	1665407	1665408	utr	62
chr17	2585095	2585096	utr	-1127
chr17	4802877	4802878	utr	-15
chr17	4804935	4804936	utr	-117
chr17	4805510	4805511	utr	458
chr17	4806452	4806453	intergenic	78
chr17	4806453	4806454	intergenic	79
chr17	7984199	7984200	utr	86
chr17	8076848	8076849	utr	-49
chr17	8076849	8076850	utr	-48
chr17	8076883	8076884	utr	-14
chr17	27068994	27068995	utr	-1823
chr17	28564283	28564284	intergenic	1448
chr17	32579787	32579788	intergenic	-84
chr17	37828496	37828497	utr	3316
chr17	37880996	37880997	utr	670
chr17	37880997	37880998	utr	671
chr17	38975414	38975415	utr	0
chr17	38975414	38975415	utr	0
chr17	41150764	41150765	utr	11
chr17	41197587	41197588	utr	20075
chr17	42340295	42340296	utr	24
chr17	42987500	42987501	utr	-122
chr17	46024145	46024146	utr	-655
chr17	48152961	48152962	utr	-729
chr17	56772551	56772552	utr	2496
chr17	66508689	66508690	utr	152
chr17	75316274	75316275	utr	8
chr18	44682489	44682490	utr	-23
chr18	77748579	77748580	utr	52
chr19	920745	920746	utr	3084
chr19	1205796	1205797	utr	34
chr19	5894866	5894867	utr	-1615
chr19	11199993	11199994	intergenic	25
chr19	11200031	11200032	intergenic	63
chr19	11200036	11200037	intergenic	68
chr19	11200052	11200053	utr	-37
chr19	11200073	11200074	utr	-16
chr19	11200074	11200075	utr	-15
chr19	11200082	11200083	utr	-7
chr19	11200089	11200090	utr	0
chr19	11200126	11200127	utr	4
chr19	36237606	36237607	utr	-34
chr19	41105995	41105996	utr	433
chr19	44030347	44030348	utr	573
chr19	46056771	46056772	utr	-31096
chr19	46273461	46273462	utr	96
chr19	46273461	46273462	utr	96
chr19	46273461	46273462	utr	96
chr19	46273461	46273462	utr	96
chr19	46273461	46273462	utr	96
chr19	46273461	46273462	utr	96
chr19	46273461	46273462	utr	96
chr19	46273461	46273462	utr	96
chr19	46273461	46273462	utr	96
chr19	46273461	46273462	utr	96
chr19	46273461	46273462	utr	96
chr19	46273461	46273462	utr	96
chr19	46273461	46273462	utr	96
chr19	46273461	46273462	utr	96
chr19	46273461	46273462	utr	96
chr19	46273461	46273462	utr	96
chr19	46273461	46273462	utr	96
chr19	46273461	46273462	utr	96
chr19	46273461	46273462	utr	96
chr19	46273461	46273462	utr	96
chr19	46273461	46273462	utr	96
chr19	46273461	46273462	utr	96
chr19	46273461	46273462	utr	96
chr19	46273461	46273462	utr	96
chr19	46273461	46273462	utr	96
chr19	46273461	46273462	utr	96
chr19	46273461	46273462	utr	96
chr19	46273461	46273462	utr	96
chr19	46273461	46273462	utr	96
chr19	46273461	46273462	utr	96
chr19	46273461	46273462	utr	96
chr19	46273461	46273462	utr	96
chr19	46273461	46273462	utr	96
chr19	46273461	46273462	utr	96
chr19	46273461	46273462	utr	96
chr19	46273461	46273462	utr	96
chr19	46273461	46273462	utr	96
chr19	46273461	46273462	utr	96
chr19	46273461	46273462	utr	96
chr19	46273461	46273462	utr	96
chr19	46273461	46273462	utr	96
chr19	46273461	46273462	utr	96
chr19	46273461	46273462	utr	96
chr19	46273461	46273462	utr	96
chr19	46273461	46273462	utr	96
chr19	46273461	46273462	utr	96
chr19	46273461	46273462	utr	96
chr19	46273461	46273462	utr	96
chr19	46273461	46273462	utr	96
chr19	46273461	46273462	utr	96
chr19	46273461	46273462	utr	96
chr19	46273461	46273462	utr	96
chr19	46273461	46273462	utr	96
chr19	46273461	46273462	utr	96
chr19	46273461	46273462	utr	96
chr19	46273461	46273462	utr	96
chr19	46273461	46273462	utr	96
chr19	46273461	46273462	utr	96
chr19	46273461	46273462	utr	96
chr19	46273461	46273462	utr	96
chr19	46273461	46273462	utr	96
chr19	46273461	46273462	utr	96
chr19	46273461	46273462	utr	96
chr19	46273461	46273462	utr	96
chr19	46273461	46273462	utr	96
chr19	46273461	46273462	utr	96
chr19	46273461	46273462	utr	96
chr19	46273461	46273462	utr	96
chr19	46273461	46273462	utr	96
chr19	46273461	46273462	utr	96
chr19	46273461	46273462	utr	96
chr19	46273461	46273462	utr	96
chr19	46273461	46273462	utr	96
chr19	46273461	46273462	utr	96
chr19	46273461	46273462	utr	96
chr19	46273461	46273462	utr	96
chr19	46273461	46273462	utr	96
chr19	46273461	46273462	utr	96
chr19	46273461	46273462	utr	96
chr19	46273461	46273462	utr	96
chr19	46273461	46273462	utr	96
chr19	46273461	46273462	utr	96
chr19	46273461	46273462	utr	96
chr19	46273461	46273462	utr	96
chr19	46273461	46273462	utr	96
chr19	46273461	46273462	utr	96
chr19	46273461	46273462	utr	96
chr19	46273461	46273462	utr	96
chr19	46273461	46273462	utr	96
chr19	46273461	46273462	utr	96
chr19	46273461	46273462	utr	96
chr19	46273461	46273462	utr	96
chr19	46273461	46273462	utr	96
chr19	46273461	46273462	utr	96
chr19	46273461	46273462	utr	96
chr19	46273461	46273462	utr	96
chr19	46273461	46273462	utr	96
chr19	46273461	46273462	utr	96
chr19	46273461	46273462	utr	96
chr19	46273461	46273462	utr	96
chr19	46273461	46273462	utr	96
chr19	46273461	46273462	utr	96
chr19	46273461	46273462	utr	96
chr19	46273461	46273462	utr	96
chr19	46273461	46273462	utr	96
chr19	46273461	46273462	utr	96
chr19	46273461	46273462	utr	96
chr19	46273461	46273462	utr	96
chr19	46273461	46273462	utr	96
chr19	46273461	46273462	utr	96
chr19	46273461	46273462	utr	96
chr19	46273461	46273462	utr	96
chr19	46273461	46273462	utr	96
chr19	46273461	46273462	utr	96
chr19	46273461	46273462	utr	96
chr19	46273461	46273462	utr	96
chr19	46273461	46273462	utr	96
chr19	46273461	46273462	utr	96
chr19	46273461	46273462	utr	96
chr19	46273461	46273462	utr	96
chr19	46273461	46273462	utr	96
chr19	46273461	46273462	utr	96
chr19	46273461	46273462	utr	96
chr19	46273461	46273462	utr	96
chr19	46273461	46273462	utr	96
chr19	46273461	46273462	utr	96
chr19	46273461	46273462	utr	96
chr19	46273461	46273462	utr	96
chr19	46273461	46273462	utr	96
chr19	46273461	46273462	utr	96
chr19	46273461	46273462	utr	96
chr19	46273461	46273462	utr	96
chr19	46273461	46273462	utr	96
chr19	46273461	46273462	utr	96
chr19	46273461	46273462	utr	96
chr19	46273461	46273462	utr	96
chr19	46273461	46273462	utr	96
chr19	46273461	46273462	utr	96
chr19	46273461	46273462	utr	96
chr19	47249327	47249328	utr	25
chr19	47260192	47260193	utr	9834
chr19	49468573	49468574	utr	10
chr19	49468585	49468586	utr	2
chr19	49468596	49468597	utr	13
chr19	49468596	49468597	utr	13
chr19	49468596	49468597	utr	13
chr19	49468600	49468601	utr	17
chr19	49468600	49468601	utr	17
chr19	49468603	49468604	utr	20
chr19	49468604	49468605	utr	21
chr19	49468605	49468606	utr	22
chr19	49468615	49468616	utr	-13
chr19	49661141	49661142	utr	62
chr19	54618741	54618742	utr	51
chr19	55656918	55656919	utr	-906
chr2	25387651	25387652	utr	3192
chr2	26682894	26682895	utr	-17437
chr2	27532178	27532179	intergenic	-459
chr2	32288786	32288787	utr	-3
chr2	44001278	44001279	utr	47
chr2	46843998	46843999	utr	-143
chr2	135809883	135809884	utr	39
chr2	145274986	145274987	utr	5
chr2	189876497	189876498	utr	31
chr2	190445390	190445391	utr	-109
chr2	191745597	191745598	utr	34
chr2	197712669	197712670	utr	-37515
chr2	203241250	203241251	intergenic	46
chr2	220142657	220142658	utr	-243
chr2	220370981	220370982	utr	4576
chr20	741883	741884	utr	-7214
chr20	2447846	2447847	utr	-488
chr20	2451407	2451408	utr	12
chr20	6103421	6103422	utr	-153
chr20	23030291	23030292	utr	-5
chr20	25388408	25388409	utr	19
chr20	57466776	57466777	utr	17
chr22	19710932	19710933	utr	-118
chr22	21336622	21336623	utr	49
chr22	24176448	24176449	utr	-4298
chr22	26995455	26995456	utr	-8832
chr22	30090788	30090789	utr	-1290
chr22	32150850	32150851	utr	-100
chr22	38369490	38369491	utr	-174
chr22	39621727	39621728	utr	1111
chr22	50656166	50656167	utr	-9257
chr3	14712700	14712701	utr	-3934
chr3	37091981	37091982	utr	30156
chr3	37091981	37091982	utr	30156
chr3	46412261	46412262	utr	-134
chr3	49209094	49209095	utr	71
chr3	129180151	129180152	utr	-1668
chr3	148844499	148844500	intergenic	-2831
chr3	148888269	148888270	utr	8257
chr3	169481649	169481650	intergenic	-576
chr3	169482438	169482439	lincrna	-167
chr3	169482440	169482441	lincrna	-165
chr3	169482440	169482441	lincrna	-165
chr3	169482455	169482456	lincrna	-150
chr3	169482525	169482526	lincrna	-80
chr3	169482526	169482527	lincrna	-79
chr3	169482527	169482528	lincrna	-78
chr3	169482543	169482544	lincrna	-62
chr3	169482618	169482619	lincrna	13
chr3	169482644	169482645	lincrna	21
chr3	169482668	169482669	lincrna	45
chr3	169482670	169482671	lincrna	47
chr3	169482705	169482706	lincrna	82
chr3	169482722	169482723	lincrna	-75
chr3	169482724	169482725	lincrna	-73
chr3	169482731	169482732	lincrna	-66
chr3	169482732	169482733	lincrna	-65
chr3	169482734	169482735	lincrna	-63
chr3	169482740	169482741	lincrna	-57
chr3	169482741	169482742	lincrna	-56
chr3	169482748	169482749	lincrna	-49
chr3	169482750	169482751	lincrna	-47
chr3	169482750	169482751	lincrna	-47
chr3	169482760	169482761	lincrna	-37
chr3	169482768	169482769	lincrna	-29
chr3	169482773	169482774	lincrna	-24
chr3	169482776	169482777	lincrna	-21
chr3	169482790	169482791	lincrna	-7
chr3	169482800	169482801	lincrna	3
chr3	169482813	169482814	lincrna	16
chr3	169482813	169482814	lincrna	16
chr3	169482846	169482847	lincrna	6
chr3	169482947	169482948	intergenic	80
chr3	169483085	169483086	intergenic	218
chr3	182788908	182788909	utr	-28321
chr3	182788909	182788910	utr	-28320
chr4	981595	981596	utr	770
chr4	981737	981738	utr	912
chr4	998178	998179	utr	-5526
chr4	52896000	52896001	utr	-8410
chr4	52896017	52896018	utr	-8393
chr4	89444947	89444948	utr	64
chr4	95174805	95174806	utr	351
chr5	1253659	1253660	utr	1497
chr5	36877038	36877039	utr	112
chr5	52394431	52394432	utr	-10854
chr5	52405543	52405544	utr	-21
chr5	52405543	52405544	utr	-21
chr5	70860709	70860710	utr	-7330
chr5	74018386	74018387	utr	7058
chr5	74893908	74893909	utr	-13392
chr5	112043222	112043223	utr	36
chr5	112043222	112043223	utr	36
chr5	112043223	112043224	utr	37
chr5	118811421	118811422	utr	-816
chr5	131894998	131894999	utr	2044
chr5	131978055	131978056	utr	-14155
chr5	135398362	135398363	utr	-530
chr5	140026835	140026836	utr	-67
chr5	140075430	140075431	utr	261
chr5	147207582	147207583	utr	-1
chr5	148408117	148408118	utr	-11214
chr5	172660212	172660213	utr	-294
chr5	176942259	176942260	utr	-473
chr5	177576715	177576716	utr	1951
chr6	1610251	1610252	intergenic	-42
chr6	1610436	1610437	intergenic	143
chr6	1610679	1610680	intergenic	-65
chr6	1613075	1613076	utr	775
chr6	24357684	24357685	utr	-404
chr6	45515040	45515041	utr	-610
chr6	80816342	80816343	intergenic	0
chr6	100040905	100040906	intergenic	-20819
chr6	100040986	100040987	intergenic	-20738
chr6	100041039	100041040	intergenic	-20685
chr6	137143758	137143759	utr	64
chr6	151726370	151726371	utr	8280
chr6	152639399	152639400	utr	-108
chr6	158538757	158538758	utr	29646
chr7	6062931	6062932	utr	-1364
chr7	16131321	16131322	utr	14694
chr7	95951253	95951254	utr	-57
chr7	100240869	100240870	utr	515
chr7	117120046	117120047	utr	-24
chr7	117120134	117120135	utr	28
chr7	117267863	117267864	utr	10516
chr7	127251730	127251731	utr	-6390
chr7	128597308	128597309	utr	2726
chr7	154002239	154002240	utr	7
chr8	11422121	11422122	intergenic	-76
chr8	11430640	11430641	intergenic	8443
chr8	11616835	11616836	utr	-10324
chr8	11617151	11617152	utr	-10008
chr8	11617239	11617240	utr	-9920
chr8	21988117	21988118	utr	-399
chr8	21988148	21988149	utr	-368
chr8	21988214	21988215	utr	-302
chr8	21988219	21988220	utr	-297
chr8	22058956	22058957	utr	4708
chr8	41655126	41655127	utr	19
chr8	48874073	48874074	utr	485
chr8	67090877	67090878	utr	21
chr8	67091181	67091182	intergenic	325
chr8	94768098	94768099	utr	989
chr9	21971207	21971208	utr	191
chr9	21971207	21971208	utr	191
chr9	21974859	21974860	utr	39
chr9	32973651	32973652	utr	3796
chr9	34637542	34637543	utr	-176
chr9	34648106	34648107	utr	272
chr9	34648110	34648111	utr	276
chr9	34650443	34650444	utr	-107
chr9	35657752	35657753	lincrna	-4
chr9	35657796	35657797	lincrna	25
chr9	35657800	35657801	lincrna	29
chr9	35657819	35657820	lincrna	48
chr9	35657868	35657869	lincrna	97
chr9	35657923	35657924	lincrna	-64
chr9	35657944	35657945	lincrna	-43
chr9	35658010	35658011	lincrna	3
chr9	35658011	35658012	lincrna	4
chr9	35658013	35658014	lincrna	6
chr9	35658016	35658017	intergenic	9
chr9	35658019	35658020	intergenic	12
chr9	35658021	35658022	intergenic	14
chr9	35658026	35658027	intergenic	19
chr9	35658031	35658032	intergenic	24
chr9	37422743	37422744	utr	73
chr9	98207089	98207090	utr	-695
chr9	98268882	98268883	utr	-1
chr9	116037908	116037909	utr	-18
chr9	130616760	130616761	utr	-41
