chrA,startA,endA,genomic_classA,distA,abs_distA,chrB,startB,endB,genomic_classB,distB,abs_distB,abs_dist_diff
chr1,10042756,10042757,utr,-14351,14351,chr1,10043356,10043357,utr,-13751,13751,600
chr1,10042756,10042757,utr,-14351,14351,chr1,10086388,10086389,intergenic,-6605,6605,43632
chr1,11082793,11082794,utr,-808,808,chr1,11043297,11043298,intergenic,1165,1165,39496
chr1,11082793,11082794,utr,-808,808,chr1,11063512,11063513,intergenic,-9184,9184,19281
chr1,11082793,11082794,utr,-808,808,chr1,11126527,11126528,intergenic,6470,6470,43734
chr1,11083407,11083408,utr,-194,194,chr1,11043297,11043298,intergenic,1165,1165,40110
chr1,11083407,11083408,utr,-194,194,chr1,11063512,11063513,intergenic,-9184,9184,19895
chr1,11083407,11083408,utr,-194,194,chr1,11126527,11126528,intergenic,6470,6470,43120
chr1,11906063,11906064,utr,11,11,chr1,11921282,11921283,intergenic,1603,1603,15219
chr1,47882945,47882946,utr,992,992,chr1,47881679,47881680,intergenic,-39,39,1266
chr1,47882945,47882946,utr,992,992,chr1,47932638,47932639,intergenic,-20834,20834,49693
chr1,91381762,91381763,utr,-15163,15163,chr1,91349794,91349795,intergenic,21304,21304,31968
chr1,91381762,91381763,utr,-15163,15163,chr1,91352009,91352010,intergenic,23519,23519,29753
chr1,113498813,113498814,utr,4,4,chr1,113547628,113547629,intergenic,-3381,3381,48815
chr1,150769274,150769275,utr,354,354,chr1,150740340,150740341,intergenic,2079,2079,28934
chr1,150769274,150769275,utr,354,354,chr1,150757214,150757215,intergenic,-11706,11706,12060
chr1,206948630,206948631,intergenic,2691,2691,chr1,206941660,206941661,utr,-750,750,6970
chr1,228337557,228337558,utr,-34,34,chr1,228337420,228337421,intergenic,67,67,137
chr1,228337557,228337558,utr,-34,34,chr1,228373824,228373825,intergenic,7021,7021,36267
chr1,228337560,228337561,utr,-31,31,chr1,228337420,228337421,intergenic,67,67,140
chr1,228337560,228337561,utr,-31,31,chr1,228373824,228373825,intergenic,7021,7021,36264
chr1,229567247,229567248,utr,16,16,chr1,229535669,229535670,intergenic,-7418,7418,31578
chr1,229567247,229567248,utr,16,16,chr1,229552154,229552155,intergenic,9067,9067,15093
chr1,229567247,229567248,utr,16,16,chr1,229566303,229566304,intergenic,-752,752,944
chr1,229567247,229567248,utr,16,16,chr1,229571288,229571289,intergenic,1308,1308,4041
chr10,94353131,94353132,utr,175,175,chr10,94318557,94318558,utr,-15206,15206,34574
chr11,6640421,6640422,utr,-217,217,chr11,6633706,6633707,utr,-24,24,6715
chr11,6640421,6640422,utr,-217,217,chr11,6640559,6640560,utr,-79,79,138
chr11,17409771,17409772,utr,-421,421,chr11,17413158,17413159,intergenic,2289,2289,3387
chr11,17416823,17416824,utr,5954,5954,chr11,17413158,17413159,intergenic,2289,2289,3665
chr11,17418461,17418462,utr,7592,7592,chr11,17413158,17413159,intergenic,2289,2289,5303
chr11,61735060,61735061,utr,1,1,chr11,61750313,61750314,intergenic,9775,9775,15253
chr11,61735060,61735061,utr,1,1,chr11,61784101,61784102,intergenic,-525,525,49041
chr11,65306550,65306551,utr,-777,777,chr11,65277911,65277912,intergenic,4092,4092,28639
chr11,126174177,126174178,utr,-9,9,chr11,126163598,126163599,utr,-9612,9612,10579
chr12,108961425,108961426,utr,-1187,1187,chr12,108964658,108964659,intergenic,1749,1749,3233
chr13,29233224,29233225,intergenic,35,35,chr13,29203843,29203844,intergenic,-29157,29157,29381
chr13,29233224,29233225,intergenic,35,35,chr13,29224068,29224069,intergenic,-8932,8932,9156
chr13,29233224,29233225,intergenic,35,35,chr13,29256031,29256032,intergenic,3860,3860,22807
chr13,29233224,29233225,intergenic,35,35,chr13,29275435,29275436,utr,-16002,16002,42211
chr13,29233224,29233225,intergenic,6,6,chr13,29203843,29203844,intergenic,-29157,29157,29381
chr13,29233224,29233225,intergenic,6,6,chr13,29224068,29224069,intergenic,-8932,8932,9156
chr13,29233224,29233225,intergenic,6,6,chr13,29256031,29256032,intergenic,3860,3860,22807
chr13,29233224,29233225,intergenic,6,6,chr13,29275435,29275436,utr,-16002,16002,42211
chr13,38923900,38923901,intergenic,-42,42,chr13,38894878,38894879,intergenic,-28786,28786,29022
chr13,48835357,48835358,utr,27,27,chr13,48855985,48855986,intergenic,20455,20455,20628
chr13,48877850,48877851,intergenic,5,5,chr13,48855985,48855986,intergenic,20455,20455,21865
chr13,48877859,48877860,intergenic,14,14,chr13,48855985,48855986,intergenic,20455,20455,21874
chr13,52535994,52535995,utr,-14,14,chr13,52493449,52493450,intergenic,-6264,6264,42545
chr13,84452862,84452863,utr,578,578,chr13,84412357,84412358,intergenic,-22271,22271,40505
chr13,84452862,84452863,utr,578,578,chr13,84474361,84474362,intergenic,-6289,6289,21499
chr14,36986482,36986483,utr,-442,442,chr14,37015599,37015600,intergenic,16710,16710,29117
chr14,90871036,90871037,utr,10,10,chr14,90917461,90917462,intergenic,-3495,3495,46425
chr16,21270101,21270102,utr,-19484,19484,chr16,21240324,21240325,intergenic,-4588,4588,29777
chr16,21270101,21270102,utr,-19484,19484,chr16,21240669,21240670,intergenic,-4243,4243,29432
chr16,30097545,30097546,utr,1207,1207,chr16,30087221,30087222,intergenic,9,9,10324
chr16,57673284,57673285,utr,-29,29,chr16,57628255,57628256,intergenic,1582,1582,45029
chr16,86105694,86105695,intergenic,22762,22762,chr16,86111176,86111177,intergenic,28244,28244,5482
chr16,86105694,86105695,intergenic,22762,22762,chr16,86137841,86137842,intergenic,54909,54909,32147
chr16,86546688,86546689,utr,61,61,chr16,86563239,86563240,intergenic,15866,15866,16551
chr16,89337318,89337319,utr,-2131,2131,chr16,89296095,89296096,intergenic,11991,11991,41223
chr16,89337318,89337319,utr,-2131,2131,chr16,89299305,89299306,intergenic,15201,15201,38013
chr16,89717993,89717994,utr,-6058,6058,chr16,89671745,89671746,intergenic,3031,3031,46248
chr16,89717993,89717994,utr,-6058,6058,chr16,89726849,89726850,utr,2415,2415,8856
chr17,4802877,4802878,utr,-15,15,chr17,4800593,4800594,utr,-2074,2074,2284
chr17,4802877,4802878,utr,-15,15,chr17,4832645,4832646,intergenic,-2859,2859,29768
chr17,4804935,4804936,utr,-117,117,chr17,4800593,4800594,utr,-2074,2074,4342
chr17,4804935,4804936,utr,-117,117,chr17,4832645,4832646,intergenic,-2859,2859,27710
chr17,4805510,4805511,utr,458,458,chr17,4800593,4800594,utr,-2074,2074,4917
chr17,4805510,4805511,utr,458,458,chr17,4832645,4832646,intergenic,-2859,2859,27135
chr17,4806452,4806453,intergenic,78,78,chr17,4800593,4800594,utr,-2074,2074,5859
chr17,4806452,4806453,intergenic,78,78,chr17,4832645,4832646,intergenic,-2859,2859,26193
chr17,4806453,4806454,intergenic,79,79,chr17,4800593,4800594,utr,-2074,2074,5860
chr17,4806453,4806454,intergenic,79,79,chr17,4832645,4832646,intergenic,-2859,2859,26192
chr17,7984199,7984200,utr,86,86,chr17,8023098,8023099,intergenic,937,937,38899
chr17,8076848,8076849,utr,-49,49,chr17,8076751,8076752,utr,-146,146,97
chr17,8076848,8076849,utr,-49,49,chr17,8089712,8089713,intergenic,-3061,3061,12864
chr17,8076849,8076850,utr,-48,48,chr17,8076751,8076752,utr,-146,146,98
chr17,8076849,8076850,utr,-48,48,chr17,8089712,8089713,intergenic,-3061,3061,12863
chr17,8076883,8076884,utr,-14,14,chr17,8076751,8076752,utr,-146,146,132
chr17,8076883,8076884,utr,-14,14,chr17,8089712,8089713,intergenic,-3061,3061,12829
chr17,32579787,32579788,intergenic,-84,84,chr17,32533225,32533226,intergenic,4720,4720,46562
chr17,37828496,37828497,utr,3316,3316,chr17,37779931,37779932,intergenic,-3024,3024,48565
chr17,37880996,37880997,utr,670,670,chr17,37891779,37891780,intergenic,-2368,2368,10783
chr17,37880997,37880998,utr,671,671,chr17,37891779,37891780,intergenic,-2368,2368,10782
chr17,38975414,38975415,utr,0,0,chr17,38944148,38944149,intergenic,5352,5352,31266
chr17,38975414,38975415,utr,0,0,chr17,38944148,38944149,intergenic,5352,5352,31266
chr17,41150764,41150765,utr,11,11,chr17,41158005,41158006,intergenic,-755,755,7241
chr17,41150764,41150765,utr,11,11,chr17,41158875,41158876,utr,-19,19,8111
chr17,41197587,41197588,utr,20075,20075,chr17,41158005,41158006,intergenic,-755,755,39582
chr17,41197587,41197588,utr,20075,20075,chr17,41158875,41158876,utr,-19,19,38712
chr17,42340295,42340296,utr,24,24,chr17,42318564,42318565,intergenic,-9037,9037,21731
chr17,42340295,42340296,utr,24,24,chr17,42322927,42322928,intergenic,-4674,4674,17368
chr17,66508689,66508690,utr,152,152,chr17,66509158,66509159,utr,139,139,469
chr19,1205796,1205797,utr,34,34,chr19,1179046,1179047,intergenic,-1691,1691,26750
chr19,1205796,1205797,utr,34,34,chr19,1184498,1184499,intergenic,3715,3715,21298
chr19,11199993,11199994,intergenic,25,25,chr19,11243620,11243621,utr,6548,6548,43627
chr19,11200031,11200032,intergenic,63,63,chr19,11243620,11243621,utr,6548,6548,43589
chr19,11200036,11200037,intergenic,68,68,chr19,11243620,11243621,utr,6548,6548,43584
chr19,11200052,11200053,utr,-37,37,chr19,11243620,11243621,utr,6548,6548,43568
chr19,11200073,11200074,utr,-16,16,chr19,11243620,11243621,utr,6548,6548,43547
chr19,11200074,11200075,utr,-15,15,chr19,11243620,11243621,utr,6548,6548,43546
chr19,11200082,11200083,utr,-7,7,chr19,11243620,11243621,utr,6548,6548,43538
chr19,11200089,11200090,utr,0,0,chr19,11243620,11243621,utr,6548,6548,43531
chr19,11200126,11200127,utr,4,4,chr19,11243620,11243621,utr,6548,6548,43494
chr19,36237606,36237607,utr,-34,34,chr19,36190827,36190828,intergenic,-4602,4602,46779
chr19,36237606,36237607,utr,-34,34,chr19,36262511,36262512,intergenic,3018,3018,24905
chr19,41105995,41105996,utr,433,433,chr19,41139504,41139505,intergenic,3853,3853,33509
chr19,49468573,49468574,utr,10,10,chr19,49453562,49453563,intergenic,2973,2973,15011
chr19,49468585,49468586,utr,2,2,chr19,49453562,49453563,intergenic,2973,2973,15023
chr19,49468596,49468597,utr,13,13,chr19,49453562,49453563,intergenic,2973,2973,15034
chr19,49468596,49468597,utr,13,13,chr19,49453562,49453563,intergenic,2973,2973,15034
chr19,49468596,49468597,utr,13,13,chr19,49453562,49453563,intergenic,2973,2973,15034
chr19,49468600,49468601,utr,17,17,chr19,49453562,49453563,intergenic,2973,2973,15038
chr19,49468600,49468601,utr,17,17,chr19,49453562,49453563,intergenic,2973,2973,15038
chr19,49468603,49468604,utr,20,20,chr19,49453562,49453563,intergenic,2973,2973,15041
chr19,49468604,49468605,utr,21,21,chr19,49453562,49453563,intergenic,2973,2973,15042
chr19,49468605,49468606,utr,22,22,chr19,49453562,49453563,intergenic,2973,2973,15043
chr19,49468615,49468616,utr,-13,13,chr19,49453562,49453563,intergenic,2973,2973,15053
chr19,49661141,49661142,utr,62,62,chr19,49660044,49660045,intergenic,752,752,1097
chr19,54618741,54618742,utr,51,51,chr19,54598884,54598885,utr,730,730,19857
chr19,55656918,55656919,utr,-906,906,chr19,55661086,55661087,intergenic,74,74,4168
chr19,55656918,55656919,utr,-906,906,chr19,55691086,55691087,utr,287,287,34168
chr2,25387651,25387652,utr,3192,3192,chr2,25398703,25398704,intergenic,6888,6888,11052
chr2,25387651,25387652,utr,3192,3192,chr2,25437613,25437614,intergenic,4692,4692,49962
chr2,44001278,44001279,utr,47,47,chr2,44038299,44038300,intergenic,-4743,4743,37021
chr2,46843998,46843999,utr,-143,143,chr2,46868613,46868614,intergenic,11226,11226,24615
chr2,189876497,189876498,utr,31,31,chr2,189892185,189892186,intergenic,-5486,5486,15688
chr2,189876497,189876498,utr,31,31,chr2,189892195,189892196,intergenic,-5476,5476,15698
chr2,190445390,190445391,utr,-109,109,chr2,190489243,190489244,intergenic,2783,2783,43853
chr2,191745597,191745598,utr,34,34,chr2,191714896,191714897,intergenic,5706,5706,30701
chr2,191745597,191745598,utr,34,34,chr2,191718198,191718199,intergenic,9008,9008,27399
chr2,197712669,197712670,utr,-37515,37515,chr2,197688161,197688162,intergenic,14085,14085,24508
chr2,203241250,203241251,intergenic,46,46,chr2,203229025,203229026,intergenic,-11542,11542,12225
chr2,203241250,203241251,intergenic,46,46,chr2,203230862,203230863,intergenic,-9705,9705,10388
chr20,741883,741884,utr,-7214,7214,chr20,721847,721848,intergenic,-27250,27250,20036
chr20,741883,741884,utr,-7214,7214,chr20,723994,723995,intergenic,-25103,25103,17889
chr20,741883,741884,utr,-7214,7214,chr20,766696,766697,intergenic,-6116,6116,24813
chr20,2447846,2447847,utr,-488,488,chr20,2423376,2423377,intergenic,-19134,19134,24470
chr20,2447846,2447847,utr,-488,488,chr20,2451364,2451365,utr,13,13,3518
chr20,2451407,2451408,utr,12,12,chr20,2423376,2423377,intergenic,-19134,19134,28031
chr20,2451407,2451408,utr,12,12,chr20,2451364,2451365,utr,13,13,43
chr20,23030291,23030292,utr,-5,5,chr20,23071919,23071920,intergenic,3229,3229,41628
chr22,19710932,19710933,utr,-118,118,chr22,19684383,19684384,intergenic,5469,5469,26549
chr22,19710932,19710933,utr,-118,118,chr22,19684515,19684516,intergenic,5601,5601,26417
chr22,19710932,19710933,utr,-118,118,chr22,19713299,19713300,intergenic,2249,2249,2367
chr22,19710932,19710933,utr,-118,118,chr22,19713759,19713760,intergenic,2709,2709,2827
chr22,19710932,19710933,utr,-118,118,chr22,19731152,19731153,intergenic,4763,4763,20220
chr22,24176448,24176449,utr,-4298,4298,chr22,24192518,24192519,intergenic,5974,5974,16070
chr22,24176448,24176449,utr,-4298,4298,chr22,24192697,24192698,intergenic,6153,6153,16249
chr22,24176448,24176449,utr,-4298,4298,chr22,24192914,24192915,intergenic,-6095,6095,16466
chr22,39621727,39621728,utr,1111,1111,chr22,39636901,39636902,utr,-6,6,15174
chr3,49209094,49209095,utr,71,71,chr3,49229602,49229603,intergenic,346,346,20508
chr3,49209094,49209095,utr,71,71,chr3,49231348,49231349,intergenic,2092,2092,22254
chr4,981595,981596,utr,770,770,chr4,1024458,1024459,intergenic,4130,4130,42863
chr4,981737,981738,utr,912,912,chr4,1024458,1024459,intergenic,4130,4130,42721
chr4,998178,998179,utr,-5526,5526,chr4,1024458,1024459,intergenic,4130,4130,26280
chr5,36877038,36877039,utr,112,112,chr5,36837140,36837141,intergenic,-38937,38937,39898
chr5,135398362,135398363,utr,-530,530,chr5,135358032,135358033,intergenic,1617,1617,40330
chr5,135398362,135398363,utr,-530,530,chr5,135428537,135428538,intergenic,25989,25989,30175
chr5,140075430,140075431,utr,261,261,chr5,140090162,140090163,intergenic,-521,521,14732
chr5,147207582,147207583,utr,-1,1,chr5,147221542,147221543,intergenic,2942,2942,13960
chr5,172660212,172660213,utr,-294,294,chr5,172688049,172688050,intergenic,-8315,8315,27837
chr5,177576715,177576716,utr,1951,1951,chr5,177546569,177546570,utr,998,998,30146
chr5,177576715,177576716,utr,1951,1951,chr5,177590811,177590812,intergenic,9878,9878,14096
chr6,1610251,1610252,intergenic,-42,42,chr6,1597058,1597059,intergenic,-4832,4832,13193
chr6,1610436,1610437,intergenic,143,143,chr6,1597058,1597059,intergenic,-4832,4832,13378
chr6,1610679,1610680,intergenic,-65,65,chr6,1597058,1597059,intergenic,-4832,4832,13621
chr6,1613075,1613076,utr,775,775,chr6,1597058,1597059,intergenic,-4832,4832,16017
chr6,80816342,80816343,intergenic,0,0,chr6,80781095,80781096,intergenic,-35247,35247,35247
chr6,100040905,100040906,intergenic,-20819,20819,chr6,100076616,100076617,intergenic,14856,14856,35711
chr6,100040986,100040987,intergenic,-20738,20738,chr6,100076616,100076617,intergenic,14856,14856,35630
chr6,100041039,100041040,intergenic,-20685,20685,chr6,100076616,100076617,intergenic,14856,14856,35577
chr6,158538757,158538758,utr,29646,29646,chr6,158532219,158532220,utr,23108,23108,6538
chr7,6062931,6062932,utr,-1364,1364,chr7,6105383,6105384,intergenic,6567,6567,42452
chr7,6062931,6062932,utr,-1364,1364,chr7,6110030,6110031,intergenic,-8320,8320,47099
chr7,16131321,16131322,utr,14694,14694,chr7,16116106,16116107,intergenic,-521,521,15215
chr7,100240869,100240870,utr,515,515,chr7,100288361,100288362,intergenic,1466,1466,47492
chr7,117120046,117120047,utr,-24,24,chr7,117073040,117073041,intergenic,5368,5368,47006
chr7,117120134,117120135,utr,28,28,chr7,117073040,117073041,intergenic,5368,5368,47094
chr7,127251730,127251731,utr,-6390,6390,chr7,127207719,127207720,intergenic,1883,1883,44011
chr7,127251730,127251731,utr,-6390,6390,chr7,127216123,127216124,intergenic,-9497,9497,35607
chr7,127251730,127251731,utr,-6390,6390,chr7,127216538,127216539,intergenic,-9082,9082,35192
chr7,128597308,128597309,utr,2726,2726,chr7,128592125,128592126,intergenic,-2457,2457,5183
chr8,11422121,11422122,intergenic,-76,76,chr8,11429431,11429432,intergenic,7234,7234,7310
chr8,11430640,11430641,intergenic,8443,8443,chr8,11429431,11429432,intergenic,7234,7234,1209
chr8,21988117,21988118,utr,-399,399,chr8,21941598,21941599,intergenic,1919,1919,46519
chr8,21988148,21988149,utr,-368,368,chr8,21941598,21941599,intergenic,1919,1919,46550
chr8,21988214,21988215,utr,-302,302,chr8,21941598,21941599,intergenic,1919,1919,46616
chr8,21988219,21988220,utr,-297,297,chr8,21941598,21941599,intergenic,1919,1919,46621
chr8,22058956,22058957,utr,4708,4708,chr8,22072026,22072027,intergenic,2804,2804,13070
chr8,22058956,22058957,utr,4708,4708,chr8,22074321,22074322,intergenic,-3664,3664,15365
chr8,48874073,48874074,utr,485,485,chr8,48896903,48896904,intergenic,6607,6607,22830
chr8,48874073,48874074,utr,485,485,chr8,48909456,48909457,intergenic,-533,533,35383
chr8,67090877,67090878,utr,21,21,chr8,67118638,67118639,intergenic,1071,1071,27761
chr8,67091181,67091182,intergenic,325,325,chr8,67118638,67118639,intergenic,1071,1071,27457
chr8,94768098,94768099,utr,989,989,chr8,94761395,94761396,intergenic,-5692,5692,6703
chr9,34637542,34637543,utr,-176,176,chr9,34594500,34594501,intergenic,3635,3635,43042
chr9,34637542,34637543,utr,-176,176,chr9,34631928,34631929,intergenic,-1060,1060,5614
chr9,34648106,34648107,utr,272,272,chr9,34631928,34631929,intergenic,-1060,1060,16178
chr9,34648106,34648107,utr,272,272,chr9,34692801,34692802,intergenic,1538,1538,44695
chr9,34648110,34648111,utr,276,276,chr9,34631928,34631929,intergenic,-1060,1060,16182
chr9,34648110,34648111,utr,276,276,chr9,34692801,34692802,intergenic,1538,1538,44691
chr9,34650443,34650444,utr,-107,107,chr9,34631928,34631929,intergenic,-1060,1060,18515
chr9,34650443,34650444,utr,-107,107,chr9,34692801,34692802,intergenic,1538,1538,42358
