chr	start	end	genomic_class	dist	abs_dist	control_uniq_id
chr7	134988128	134988129	intergenic	-14354	14354	chr7_134988128_134988129
chr5	105507603	105507604	intergenic	808	808	chr5_105507603_105507604
chr2	2700402	2700403	intergenic	194	194	chr2_2700402_2700403
chr1	839915	839916	intergenic	-270	270	chr1_839915_839916
chr1	205012253	205012254	intergenic	-11	11	chr1_205012253_205012254
chr2	17721261	17721262	utr	31	31	chr2_17721261_17721262
chr11	74458884	74458885	intergenic	-992	992	chr11_74458884_74458885
chr12	22697499	22697500	intergenic	109	109	chr12_22697499_22697500
chr2	14756213	14756214	intergenic	-16589	16589	chr2_14756213_14756214
chr6	73255547	73255548	intergenic	-15160	15160	chr6_73255547_73255548
chr4	99382166	99382167	intergenic	17977	17977	chr4_99382166_99382167
chr1	54439777	54439778	intergenic	15839	15839	chr1_54439777_54439778
chr12	49525148	49525149	utr	4	4	chr12_49525148_49525149
chr3	46536343	46536344	intergenic	-3117	3117	chr3_46536343_46536344
chr13	50366651	50366652	utr	-11	11	chr13_50366651_50366652
chr1	88570591	88570592	intergenic	-354	354	chr1_88570591_88570592
chr10	91174507	91174508	utr	21	21	chr10_91174507_91174508
chr9	91466589	91466590	intergenic	-1435	1435	chr9_91466589_91466590
chr17	35767000	35767001	utr	33	33	chr17_35767000_35767001
chr1	1477182	1477183	utr	61	61	chr1_1477182_1477183
chr16	75529277	75529278	utr	4	4	chr16_75529277_75529278
chr17	48025480	48025481	intergenic	19890	19890	chr17_48025480_48025481
chr4	4342580	4342581	intergenic	-1227	1227	chr4_4342580_4342581
chr12	40786373	40786374	intergenic	-821	821	chr12_40786373_40786374
chr4	7124617	7124618	intergenic	608	608	chr4_7124617_7124618
chr19	15616607	15616608	intergenic	-2692	2692	chr19_15616607_15616608
chr15	89574475	89574476	intergenic	34	34	chr15_89574475_89574476
chr7	12971327	12971328	intergenic	31	31	chr7_12971327_12971328
chr1	181287164	181287165	intergenic	-15	15	chr1_181287164_181287165
chr4	1763771	1763772	intergenic	-15809	15809	chr4_1763771_1763772
chr2	242254675	242254676	utr	-4	4	chr2_242254675_242254676
chr1	47002187	47002188	intergenic	1011	1011	chr1_47002187_47002188
chr1	209455163	209455164	intergenic	13539	13539	chr1_209455163_209455164
chr11	122462131	122462132	intergenic	-13545	13545	chr11_122462131_122462132
chr20	6194316	6194317	intergenic	98	98	chr20_6194316_6194317
chr1	28975217	28975218	lincrna	13	13	chr1_28975217_28975218
chr13	31273695	31273696	intergenic	-13664	13664	chr13_31273695_31273696
chr11	102980246	102980247	utr	12	12	chr11_102980246_102980247
chr14	97923693	97923694	intergenic	-1458	1458	chr14_97923693_97923694
chr16	58127046	58127047	intergenic	175	175	chr16_58127046_58127047
chr9	6211804	6211805	intergenic	-3333	3333	chr9_6211804_6211805
chr11	114521929	114521930	intergenic	-15	15	chr11_114521929_114521930
chr16	81744030	81744031	utr	-19	19	chr16_81744030_81744031
chr10	132517695	132517696	intergenic	-94	94	chr10_132517695_132517696
chr11	1707005	1707006	intergenic	106	106	chr11_1707005_1707006
chr19	51640767	51640768	intergenic	48	48	chr19_51640767_51640768
chr11	127811668	127811669	intergenic	3	3	chr11_127811668_127811669
chr17	73717550	73717551	utr	-1	1	chr17_73717550_73717551
chr1	111991850	111991851	utr	0	0	chr1_111991850_111991851
chr19	11925072	11925073	intergenic	1	1	chr19_11925072_11925073
chr19	14785672	14785673	utr	-2	2	chr19_14785672_14785673
chr14	89259257	89259258	intergenic	10	10	chr14_89259257_89259258
chr1	31205419	31205420	utr	18	18	chr1_31205419_31205420
chr1	21949005	21949006	utr	7	7	chr1_21949005_21949006
chr12	122617799	122617800	utr	-26	26	chr12_122617799_122617800
chr19	8386253	8386254	utr	15	15	chr19_8386253_8386254
chr11	22301440	22301441	utr	5	5	chr11_22301440_22301441
chr22	48885154	48885155	intergenic	6	6	chr22_48885154_48885155
chr13	35375235	35375236	intergenic	-3	3	chr13_35375235_35375236
chr5	133861862	133861863	utr	-33	33	chr5_133861862_133861863
chr18	32870183	32870184	utr	35	35	chr18_32870183_32870184
chr3	28172609	28172610	intergenic	114	114	chr3_28172609_28172610
chr16	28834420	28834421	utr	117	117	chr16_28834420_28834421
chr7	98805926	98805927	intergenic	195	195	chr7_98805926_98805927
chr1	25197395	25197396	intergenic	197	197	chr1_25197395_25197396
chr11	21774591	21774592	intergenic	197	197	chr11_21774591_21774592
chr1	180166247	180166248	utr	216	216	chr1_180166247_180166248
chr2	71318625	71318626	intergenic	-421	421	chr2_71318625_71318626
chr15	99981364	99981365	intergenic	5956	5956	chr15_99981364_99981365
chr15	70108849	70108850	intergenic	7590	7590	chr15_70108849_70108850
chr12	825931	825932	intergenic	163	163	chr12_825931_825932
chr22	25708813	25708814	intergenic	-14383	14383	chr22_25708813_25708814
chr1	59166602	59166603	intergenic	839	839	chr1_59166602_59166603
chr13	53644912	53644913	intergenic	16046	16046	chr13_53644912_53644913
chr16	58783580	58783581	lincrna	11	11	chr16_58783580_58783581
chr10	114885468	114885469	ucne	22	22	chr10_114885468_114885469
chr3	172468478	172468479	utr	1	1	chr3_172468478_172468479
chr14	84053599	84053600	intergenic	-279	279	chr14_84053599_84053600
chr20	50480419	50480420	intergenic	967	967	chr20_50480419_50480420
chr12	55029779	55029780	intergenic	1101	1101	chr12_55029779_55029780
chr7	22841087	22841088	intergenic	-779	779	chr7_22841087_22841088
chr4	110968477	110968478	utr	-14	14	chr4_110968477_110968478
chr14	50999195	50999196	utr	-17	17	chr14_50999195_50999196
chr17	79476615	79476616	intergenic	-382	382	chr17_79476615_79476616
chr1	25059947	25059948	intergenic	-10642	10642	chr1_25059947_25059948
chr4	24203800	24203801	intergenic	1524	1524	chr4_24203800_24203801
chr3	193515496	193515497	intergenic	-8009	8009	chr3_193515496_193515497
chr2	236372777	236372778	intergenic	8010	8010	chr2_236372777_236372778
chr9	18020606	18020607	intergenic	-44379	44379	chr9_18020606_18020607
chr2	219080381	219080382	intergenic	-1273	1273	chr2_219080381_219080382
chr1	28975195	28975196	lincrna	-9	9	chr1_28975195_28975196
chr13	30996666	30996667	intergenic	42	42	chr13_30996666_30996667
chr11	134282075	134282076	intergenic	-22	22	chr11_134282075_134282076
chr11	65211991	65211992	lincrna	296	296	chr11_65211991_65211992
chr17	54991747	54991748	intergenic	-53	53	chr17_54991747_54991748
chr6	122419855	122419856	intergenic	10226	10226	chr6_122419855_122419856
chr2	112453531	112453532	intergenic	-3006	3006	chr2_112453531_112453532
chr12	56652304	56652305	intergenic	193	193	chr12_56652304_56652305
chr18	72880877	72880878	intergenic	1187	1187	chr18_72880877_72880878
chr22	31003296	31003297	utr	35	35	chr22_31003296_31003297
chr22	50311941	50311942	utr	6	6	chr22_50311941_50311942
chr20	21538588	21538589	intergenic	388	388	chr20_21538588_21538589
chr22	39886292	39886293	utr	42	42	chr22_39886292_39886293
chr8	66701194	66701195	utr	-27	27	chr8_66701194_66701195
chr14	73525305	73525306	utr	5	5	chr14_73525305_73525306
chr11	82746574	82746575	utr	-13	13	chr11_82746574_82746575
chr11	89867790	89867791	utr	-13	13	chr11_89867790_89867791
chr14	75946830	75946831	intergenic	46	46	chr14_75946830_75946831
chr13	96445811	96445812	utr	49	49	chr13_96445811_96445812
chr1	36549015	36549016	intergenic	-578	578	chr1_36549015_36549016
chr14	30833144	30833145	intergenic	445	445	chr14_30833144_30833145
chr21	45207940	45207941	intergenic	-1463	1463	chr21_45207940_45207941
chr10	61666578	61666579	intergenic	-9	9	chr10_61666578_61666579
chr17	79618076	79618077	utr	-9	9	chr17_79618076_79618077
chr13	110584275	110584276	intergenic	-1909	1909	chr13_110584275_110584276
chr6	29449476	29449477	intergenic	1867	1867	chr6_29449476_29449477
chr1	109253658	109253659	intergenic	-1866	1866	chr1_109253658_109253659
chr19	14625318	14625319	intergenic	1759	1759	chr19_14625318_14625319
chr13	89817206	89817207	intergenic	1728	1728	chr13_89817206_89817207
chr3	177098981	177098982	intergenic	5214	5214	chr3_177098981_177098982
chr6	140464339	140464340	intergenic	-5209	5209	chr6_140464339_140464340
chr13	74232323	74232324	intergenic	67	67	chr13_74232323_74232324
chr15	81616580	81616581	intergenic	86	86	chr15_81616580_81616581
chr7	116439801	116439802	intergenic	2180	2180	chr7_116439801_116439802
chr1	29060940	29060941	intergenic	-2179	2179	chr1_29060940_29060941
chr12	31532815	31532816	intergenic	1013	1013	chr12_31532815_31532816
chr1	27963706	27963707	intergenic	40	40	chr1_27963706_27963707
chr14	50583292	50583293	utr	21	21	chr14_50583292_50583293
chr7	22396713	22396714	utr	21	21	chr7_22396713_22396714
chr1	82563848	82563849	intergenic	-20	20	chr1_82563848_82563849
chr2	40679130	40679131	utr	-22	22	chr2_40679130_40679131
chr13	41635006	41635007	utr	-23	23	chr13_41635006_41635007
chr14	103710298	103710299	intergenic	-12	12	chr14_103710298_103710299
chr5	98264307	98264308	intergenic	-11	11	chr5_98264307_98264308
chr1	179335093	179335094	utr	-8	8	chr1_179335093_179335094
chr8	97130987	97130988	intergenic	-5868	5868	chr8_97130987_97130988
chr20	39531106	39531107	intergenic	-5874	5874	chr20_39531106_39531107
chr1	22294610	22294611	intergenic	-8762	8762	chr1_22294610_22294611
chr1	210054780	210054781	intergenic	-19485	19485	chr1_210054780_210054781
chr20	24860769	24860770	intergenic	-317	317	chr20_24860769_24860770
chr7	19728138	19728139	intergenic	1205	1205	chr7_19728138_19728139
chr10	99473597	99473598	utr	-29	29	chr10_99473597_99473598
chr4	35089487	35089488	intergenic	-2436	2436	chr4_35089487_35089488
chr12	93376984	93376985	intergenic	-22764	22764	chr12_93376984_93376985
chr11	30751889	30751890	intergenic	62	62	chr11_30751889_30751890
chr3	9841625	9841626	utr	1804	1804	chr3_9841625_9841626
chr12	47228336	47228337	intergenic	2130	2130	chr12_47228336_47228337
chr8	36813781	36813782	intergenic	6059	6059	chr8_36813781_36813782
chr4	130932906	130932907	intergenic	-14897	14897	chr4_130932906_130932907
chr12	71517612	71517613	intergenic	-15475	15475	chr12_71517612_71517613
chr22	32517588	32517589	intergenic	-62	62	chr22_32517588_32517589
chr8	131525994	131525995	intergenic	1126	1126	chr8_131525994_131525995
chr15	72491412	72491413	utr	-17	17	chr15_72491412_72491413
chr4	40303859	40303860	intergenic	-116	116	chr4_40303859_40303860
chr19	17138237	17138238	intergenic	456	456	chr19_17138237_17138238
chr7	142240292	142240293	intergenic	78	78	chr7_142240292_142240293
chr11	42896450	42896451	intergenic	-79	79	chr11_42896450_42896451
chr2	102091230	102091231	intergenic	86	86	chr2_102091230_102091231
chr18	26273110	26273111	intergenic	49	49	chr18_26273110_26273111
chr3	48282584	48282585	intergenic	48	48	chr3_48282584_48282585
chr19	51920850	51920851	utr	13	13	chr19_51920850_51920851
chr6	158638491	158638492	intergenic	-1824	1824	chr6_158638491_158638492
chr12	132968636	132968637	intergenic	-1448	1448	chr12_132968636_132968637
chr14	21492536	21492537	utr	84	84	chr14_21492536_21492537
chr15	56289057	56289058	intergenic	3315	3315	chr15_56289057_56289058
chr11	42971739	42971740	intergenic	-670	670	chr11_42971739_42971740
chr19	40464418	40464419	intergenic	671	671	chr19_40464418_40464419
chr20	57738663	57738664	intergenic	0	0	chr20_57738663_57738664
chr3	150126904	150126905	utr	0	0	chr3_150126904_150126905
chr6	130088365	130088366	intergenic	11	11	chr6_130088365_130088366
chr17	55102782	55102783	intergenic	-20077	20077	chr17_55102782_55102783
chr15	52821163	52821164	utr	-24	24	chr15_52821163_52821164
chr11	119846935	119846936	intergenic	122	122	chr11_119846935_119846936
chr10	74095303	74095304	utr	654	654	chr10_74095303_74095304
chr1	55445555	55445556	intergenic	-729	729	chr1_55445555_55445556
chr9	100558876	100558877	intergenic	-2496	2496	chr9_100558876_100558877
chr4	110968338	110968339	utr	-153	153	chr4_110968338_110968339
chr1	204380862	204380863	utr	8	8	chr1_204380862_204380863
chr19	54962512	54962513	utr	23	23	chr19_54962512_54962513
chr11	65188684	65188685	intergenic	-52	52	chr11_65188684_65188685
chr19	40623694	40623695	intergenic	3085	3085	chr19_40623694_40623695
chr6	33421250	33421251	utr	-35	35	chr6_33421250_33421251
chr22	36011750	36011751	utr	-1618	1618	chr22_36011750_36011751
chr1	8877667	8877668	utr	-25	25	chr1_8877667_8877668
chr19	2841396	2841397	intergenic	-63	63	chr19_2841396_2841397
chr3	186573015	186573016	utr	-68	68	chr3_186573015_186573016
chr19	51930449	51930450	intergenic	-36	36	chr19_51930449_51930450
chr18	66202365	66202366	intergenic	17	17	chr18_66202365_66202366
chr19	3761668	3761669	utr	17	17	chr19_3761668_3761669
chr13	30002897	30002898	utr	7	7	chr13_30002897_30002898
chr4	144258062	144258063	utr	0	0	chr4_144258062_144258063
chr13	39580585	39580586	intergenic	3	3	chr13_39580585_39580586
chr10	126301969	126301970	utr	32	32	chr10_126301969_126301970
chr19	38886880	38886881	utr	433	433	chr19_38886880_38886881
chr4	74848373	74848374	intergenic	573	573	chr4_74848373_74848374
chr6	7510456	7510457	intergenic	-31096	31096	chr6_7510456_7510457
chr1	151020079	151020080	intergenic	-96	96	chr1_151020079_151020080
chr5	175740242	175740243	utr	96	96	chr5_175740242_175740243
chr6	132223154	132223155	lincrna	97	97	chr6_132223154_132223155
chr17	10560759	10560760	intergenic	94	94	chr17_10560759_10560760
chr20	52482597	52482598	intergenic	-94	94	chr20_52482597_52482598
chr8	95651773	95651774	intergenic	98	98	chr8_95651773_95651774
chr9	80646352	80646353	utr	98	98	chr9_80646352_80646353
chr18	73975032	73975033	intergenic	-99	99	chr18_73975032_73975033
chr2	220718452	220718453	intergenic	93	93	chr2_220718452_220718453
chr4	142558230	142558231	utr	93	93	chr4_142558230_142558231
chr9	133527062	133527063	intergenic	-93	93	chr9_133527062_133527063
chr3	104241318	104241319	intergenic	92	92	chr3_104241318_104241319
chr1	67874158	67874159	utr	-91	91	chr1_67874158_67874159
chr1	226112030	226112031	intergenic	101	101	chr1_226112030_226112031
chr11	57102858	57102859	utr	-91	91	chr11_57102858_57102859
chr17	75916077	75916078	intergenic	-101	101	chr17_75916077_75916078
chr9	113886652	113886653	intergenic	91	91	chr9_113886652_113886653
chr11	45868566	45868567	intergenic	-102	102	chr11_45868566_45868567
chr14	72065035	72065036	utr	90	90	chr14_72065035_72065036
chr4	79612904	79612905	intergenic	90	90	chr4_79612904_79612905
chr7	139249837	139249838	utr	-102	102	chr7_139249837_139249838
chr17	65028867	65028868	utr	-89	89	chr17_65028867_65028868
chr5	13580459	13580460	intergenic	103	103	chr5_13580459_13580460
chr5	72733390	72733391	intergenic	89	89	chr5_72733390_72733391
chr5	127594922	127594923	utr	103	103	chr5_127594922_127594923
chr1	155036292	155036293	utr	88	88	chr1_155036292_155036293
chr1	215157358	215157359	intergenic	88	88	chr1_215157358_215157359
chr11	58977174	58977175	utr	-104	104	chr11_58977174_58977175
chr22	22712626	22712627	intergenic	88	88	chr22_22712626_22712627
chr22	45021353	45021354	intergenic	88	88	chr22_45021353_45021354
chr8	1952393	1952394	utr	104	104	chr8_1952393_1952394
chr5	125936500	125936501	utr	-106	106	chr5_125936500_125936501
chr9	80646360	80646361	utr	106	106	chr9_80646360_80646361
chr1	22889846	22889847	intergenic	-107	107	chr1_22889846_22889847
chr15	63674122	63674123	utr	85	85	chr15_63674122_63674123
chr16	22308610	22308611	intergenic	-107	107	chr16_22308610_22308611
chr5	150729571	150729572	intergenic	-107	107	chr5_150729571_150729572
chr14	53108101	53108102	utr	84	84	chr14_53108101_53108102
chr15	33539836	33539837	intergenic	84	84	chr15_33539836_33539837
chr19	49340023	49340024	intergenic	108	108	chr19_49340023_49340024
chr3	49711499	49711500	utr	108	108	chr3_49711499_49711500
chr7	25115056	25115057	intergenic	-108	108	chr7_25115056_25115057
chr7	134127433	134127434	utr	84	84	chr7_134127433_134127434
chr13	53495473	53495474	intergenic	83	83	chr13_53495473_53495474
chr2	129167926	129167927	intergenic	83	83	chr2_129167926_129167927
chr4	1547059	1547060	intergenic	83	83	chr4_1547059_1547060
chr4	55606314	55606315	utr	-109	109	chr4_55606314_55606315
chr14	100531820	100531821	utr	82	82	chr14_100531820_100531821
chr2	219849979	219849980	utr	82	82	chr2_219849979_219849980
chr9	133822747	133822748	intergenic	-110	110	chr9_133822747_133822748
chr16	27078589	27078590	lincrna	-112	112	chr16_27078589_27078590
chr3	49449270	49449271	utr	-80	80	chr3_49449270_49449271
chr7	32931467	32931468	utr	80	80	chr7_32931467_32931468
chr7	142240294	142240295	intergenic	80	80	chr7_142240294_142240295
chr11	1707012	1707013	intergenic	113	113	chr11_1707012_1707013
chr16	29819324	29819325	utr	-79	79	chr16_29819324_29819325
chr19	33878154	33878155	utr	-113	113	chr19_33878154_33878155
chr2	180871893	180871894	intergenic	79	79	chr2_180871893_180871894
chr7	99006718	99006719	utr	79	79	chr7_99006718_99006719
chr8	50219781	50219782	intergenic	113	113	chr8_50219781_50219782
chr9	80646368	80646369	utr	114	114	chr9_80646368_80646369
chr3	49449427	49449428	utr	77	77	chr3_49449427_49449428
chr9	132586630	132586631	intergenic	115	115	chr9_132586630_132586631
chr16	90086078	90086079	utr	76	76	chr16_90086078_90086079
chr6	20033472	20033473	intergenic	116	116	chr6_20033472_20033473
chr15	74274235	74274236	intergenic	75	75	chr15_74274235_74274236
chr19	39881579	39881580	utr	75	75	chr19_39881579_39881580
chr1	57284964	57284965	utr	-74	74	chr1_57284964_57284965
chr12	62799700	62799701	ucne	-74	74	chr12_62799700_62799701
chr20	30457848	30457849	utr	-74	74	chr20_30457848_30457849
chr1	28975172	28975173	lincrna	73	73	chr1_28975172_28975173
chr1	212854717	212854718	intergenic	-73	73	chr1_212854717_212854718
chr10	115022915	115022916	intergenic	-73	73	chr10_115022915_115022916
chr12	88974117	88974118	utr	-119	119	chr12_88974117_88974118
chr19	821790	821791	utr	-120	120	chr19_821790_821791
chr18	34376622	34376623	utr	-122	122	chr18_34376622_34376623
chr2	180726173	180726174	utr	70	70	chr2_180726173_180726174
chr22	50920213	50920214	utr	-70	70	chr22_50920213_50920214
chr3	44519253	44519254	intergenic	122	122	chr3_44519253_44519254
chr11	130389836	130389837	intergenic	123	123	chr11_130389836_130389837
chr7	107644087	107644088	intergenic	123	123	chr7_107644087_107644088
chr9	29941835	29941836	intergenic	-69	69	chr9_29941835_29941836
chr9	117880546	117880547	intergenic	69	69	chr9_117880546_117880547
chr9	137335340	137335341	intergenic	-123	123	chr9_137335340_137335341
chr4	20702131	20702132	utr	68	68	chr4_20702131_20702132
chr5	36404553	36404554	intergenic	124	124	chr5_36404553_36404554
chr7	150675496	150675497	intergenic	124	124	chr7_150675496_150675497
chr10	119157933	119157934	intergenic	125	125	chr10_119157933_119157934
chr15	50716504	50716505	intergenic	-67	67	chr15_50716504_50716505
chr17	66031693	66031694	utr	-125	125	chr17_66031693_66031694
chr17	72565960	72565961	intergenic	67	67	chr17_72565960_72565961
chr3	72496220	72496221	intergenic	-67	67	chr3_72496220_72496221
chr13	110407534	110407535	utr	-66	66	chr13_110407534_110407535
chr14	30832765	30832766	intergenic	66	66	chr14_30832765_30832766
chr21	47461371	47461372	intergenic	-66	66	chr21_47461371_47461372
chr6	27791736	27791737	intergenic	-126	126	chr6_27791736_27791737
chr15	59390802	59390803	intergenic	-65	65	chr15_59390802_59390803
chr9	132586642	132586643	intergenic	127	127	chr9_132586642_132586643
chr20	48381830	48381831	intergenic	-64	64	chr20_48381830_48381831
chr6	132222994	132222995	intergenic	-63	63	chr6_132222994_132222995
chr16	66646618	66646619	utr	-130	130	chr16_66646618_66646619
chr3	191408891	191408892	intergenic	-62	62	chr3_191408891_191408892
chr4	114761021	114761022	intergenic	-130	130	chr4_114761021_114761022
chr12	68042648	68042649	utr	131	131	chr12_68042648_68042649
chr7	95742701	95742702	intergenic	131	131	chr7_95742701_95742702
chr14	55256060	55256061	utr	132	132	chr14_55256060_55256061
chr19	33203176	33203177	utr	-132	132	chr19_33203176_33203177
chr22	46731536	46731537	utr	-60	60	chr22_46731536_46731537
chr3	48632843	48632844	intergenic	59	59	chr3_48632843_48632844
chr17	70120582	70120583	utr	57	57	chr17_70120582_70120583
chr14	101014386	101014387	utr	-56	56	chr14_101014386_101014387
chr2	5838631	5838632	utr	136	136	chr2_5838631_5838632
chr7	2569973	2569974	intergenic	56	56	chr7_2569973_2569974
chr9	132586651	132586652	intergenic	136	136	chr9_132586651_132586652
chr2	137111157	137111158	intergenic	-137	137	chr2_137111157_137111158
chr3	136885007	136885008	intergenic	-137	137	chr3_136885007_136885008
chr9	120177397	120177398	intergenic	55	55	chr9_120177397_120177398
chr12	124457982	124457983	utr	138	138	chr12_124457982_124457983
chr5	180326199	180326200	utr	54	54	chr5_180326199_180326200
chr19	29492144	29492145	intergenic	-53	53	chr19_29492144_29492145
chr20	57226894	57226895	utr	53	53	chr20_57226894_57226895
chr9	85678420	85678421	intergenic	139	139	chr9_85678420_85678421
chr12	49182731	49182732	utr	-52	52	chr12_49182731_49182732
chr12	291607	291608	intergenic	51	51	chr12_291607_291608
chr9	38171530	38171531	intergenic	-141	141	chr9_38171530_38171531
chr1	203491132	203491133	intergenic	50	50	chr1_203491132_203491133
chr11	27388584	27388585	utr	142	142	chr11_27388584_27388585
chr17	19881063	19881064	utr	-50	50	chr17_19881063_19881064
chr1	22051435	22051436	utr	-143	143	chr1_22051435_22051436
chr20	20348691	20348692	intergenic	-49	49	chr20_20348691_20348692
chr21	18985207	18985208	utr	49	49	chr21_18985207_18985208
chr3	15247829	15247830	utr	143	143	chr3_15247829_15247830
chr6	30848687	30848688	utr	49	49	chr6_30848687_30848688
chr9	95527223	95527224	intergenic	144	144	chr9_95527223_95527224
chr10	48531770	48531771	intergenic	-47	47	chr10_48531770_48531771
chr15	46428253	46428254	intergenic	47	47	chr15_46428253_46428254
chr17	78389392	78389393	utr	145	145	chr17_78389392_78389393
chr22	19939106	19939107	utr	46	46	chr22_19939106_19939107
chr6	89840716	89840717	intergenic	146	146	chr6_89840716_89840717
chr17	80291621	80291622	utr	24	24	chr17_80291621_80291622
chr1	12907090	12907091	intergenic	-9834	9834	chr1_12907090_12907091
chr10	31288337	31288338	utr	8	8	chr10_31288337_31288338
chr19	51471364	51471365	utr	2	2	chr19_51471364_51471365
chr2	47630187	47630188	utr	-13	13	chr2_47630187_47630188
chr4	6310375	6310376	intergenic	13	13	chr4_6310375_6310376
chr6	46741530	46741531	intergenic	13	13	chr6_46741530_46741531
chr3	113666735	113666736	intergenic	-17	17	chr3_113666735_113666736
chr5	93488501	93488502	intergenic	-17	17	chr5_93488501_93488502
chr14	24025126	24025127	utr	20	20	chr14_24025126_24025127
chr14	24836739	24836740	utr	20	20	chr14_24836739_24836740
chr2	60666925	60666926	intergenic	-24	24	chr2_60666925_60666926
chr9	105260149	105260150	intergenic	-13	13	chr9_105260149_105260150
chr1	209788337	209788338	utr	45	45	chr1_209788337_209788338
chr17	30089654	30089655	lincrna	45	45	chr17_30089654_30089655
chr20	5680968	5680969	intergenic	-906	906	chr20_5680968_5680969
chr1	30582972	30582973	intergenic	3191	3191	chr1_30582972_30582973
chr1	173343134	173343135	intergenic	-17438	17438	chr1_173343134_173343135
chr7	25164410	25164411	utr	-461	461	chr7_25164410_25164411
chr16	7560160	7560161	utr	-3	3	chr16_7560160_7560161
chr2	73612903	73612904	utr	45	45	chr2_73612903_73612904
chr8	23031002	23031003	intergenic	146	146	chr8_23031002_23031003
chr1	150206978	150206979	utr	-39	39	chr1_150206978_150206979
chr3	13521516	13521517	utr	5	5	chr3_13521516_13521517
chr19	11071578	11071579	intergenic	32	32	chr19_11071578_11071579
chr17	30745058	30745059	intergenic	-148	148	chr17_30745058_30745059
chr2	87036885	87036886	intergenic	32	32	chr2_87036885_87036886
chr2	180924784	180924785	intergenic	-37518	37518	chr2_180924784_180924785
chr4	17578878	17578879	utr	45	45	chr4_17578878_17578879
chr10	88162690	88162691	intergenic	-244	244	chr10_88162690_88162691
chr6	130083745	130083746	intergenic	-4576	4576	chr6_130083745_130083746
chr2	226874461	226874462	intergenic	7213	7213	chr2_226874461_226874462
chr5	137814585	137814586	intergenic	489	489	chr5_137814585_137814586
chr19	3985421	3985422	utr	-12	12	chr19_3985421_3985422
chr1	1068708	1068709	intergenic	-154	154	chr1_1068708_1068709
chr4	109089044	109089045	utr	5	5	chr4_109089044_109089045
chr17	635820	635821	utr	19	19	chr17_635820_635821
chr11	61658931	61658932	utr	18	18	chr11_61658931_61658932
chr17	66078226	66078227	intergenic	-148	148	chr17_66078226_66078227
chr6	116761076	116761077	utr	-45	45	chr6_116761076_116761077
chr2	191629521	191629522	intergenic	4299	4299	chr2_191629521_191629522
chr3	186243526	186243527	intergenic	-8833	8833	chr3_186243526_186243527
chr1	14576872	14576873	intergenic	-1290	1290	chr1_14576872_14576873
chr14	92336512	92336513	utr	149	149	chr14_92336512_92336513
chr9	75733315	75733316	intergenic	174	174	chr9_75733315_75733316
chr17	17288482	17288483	intergenic	1111	1111	chr17_17288482_17288483
chr3	156857583	156857584	intergenic	9258	9258	chr3_156857583_156857584
chr5	120716191	120716192	intergenic	-3935	3935	chr5_120716191_120716192
chr10	66899108	66899109	intergenic	-30155	30155	chr10_66899108_66899109
chr3	70566116	70566117	vista	30158	30158	chr3_70566116_70566117
chr19	50432281	50432282	utr	149	149	chr19_50432281_50432282
chr1	153919113	153919114	utr	44	44	chr1_153919113_153919114
chr1	5792221	5792222	intergenic	1668	1668	chr1_5792221_5792222
chr2	30382288	30382289	utr	2831	2831	chr2_30382288_30382289
chr20	2770885	2770886	intergenic	-8255	8255	chr20_2770885_2770886
chr22	36878276	36878277	intergenic	576	576	chr22_36878276_36878277
chr1	151020008	151020009	utr	-167	167	chr1_151020008_151020009
chr10	129346739	129346740	intergenic	166	166	chr10_129346739_129346740
chr14	105516021	105516022	utr	-166	166	chr14_105516021_105516022
chr10	120840931	120840932	intergenic	150	150	chr10_120840931_120840932
chr12	53773988	53773989	utr	44	44	chr12_53773988_53773989
chr15	65822829	65822830	utr	44	44	chr15_65822829_65822830
chr6	13328760	13328761	utr	44	44	chr6_13328760_13328761
chr19	23433187	23433188	utr	43	43	chr19_23433187_23433188
chr2	36776775	36776776	utr	-12	12	chr2_36776775_36776776
chr22	50063033	50063034	intergenic	-20	20	chr22_50063033_50063034
chr4	128801872	128801873	intergenic	-43	43	chr4_128801872_128801873
chr5	141392673	141392674	intergenic	-43	43	chr5_141392673_141392674
chr12	48577841	48577842	utr	-41	41	chr12_48577841_48577842
chr16	75565175	75565176	utr	-41	41	chr16_75565175_75565176
chr19	58874153	58874154	utr	41	41	chr19_58874153_58874154
chr3	109282177	109282178	intergenic	-41	41	chr3_109282177_109282178
chr1	178009726	178009727	intergenic	-40	40	chr1_178009726_178009727
chr13	51101508	51101509	lincrna	40	40	chr13_51101508_51101509
chr16	3930299	3930300	utr	40	40	chr16_3930299_3930300
chr17	41437882	41437883	intergenic	-40	40	chr17_41437882_41437883
chr5	54274736	54274737	utr	40	40	chr5_54274736_54274737
chr6	2937295	2937296	intergenic	40	40	chr6_2937295_2937296
chr6	45390204	45390205	utr	40	40	chr6_45390204_45390205
chr20	23499743	23499744	intergenic	-36	36	chr20_23499743_23499744
chr15	59981728	59981729	utr	-29	29	chr15_59981728_59981729
chr18	76739598	76739599	intergenic	-26	26	chr18_76739598_76739599
chr17	73717550	73717551	utr	19	19	chr17_73717550_73717551
chr4	22999145	22999146	intergenic	-7	7	chr4_22999145_22999146
chr2	235405388	235405389	utr	3	3	chr2_235405388_235405389
chr14	22678036	22678037	intergenic	-18	18	chr14_22678036_22678037
chr7	77092973	77092974	intergenic	19	19	chr7_77092973_77092974
chr4	16944256	16944257	intergenic	6	6	chr4_16944256_16944257
chr1	157108243	157108244	utr	-39	39	chr1_157108243_157108244
chr17	21280177	21280178	utr	218	218	chr17_21280177_21280178
chr1	113904798	113904799	intergenic	-28319	28319	chr1_113904798_113904799
chr11	109869931	109869932	intergenic	-28319	28319	chr11_109869931_109869932
chr19	18746436	18746437	intergenic	-771	771	chr19_18746436_18746437
chr10	75196549	75196550	utr	-913	913	chr10_75196549_75196550
chr20	3649563	3649564	utr	5524	5524	chr20_3649563_3649564
chr4	171021720	171021721	intergenic	8407	8407	chr4_171021720_171021721
chr1	248854090	248854091	intergenic	8393	8393	chr1_248854090_248854091
chr11	47236180	47236181	intergenic	-39	39	chr11_47236180_47236181
chr12	22158436	22158437	intergenic	-351	351	chr12_22158436_22158437
chr6	6009242	6009243	intergenic	1497	1497	chr6_6009242_6009243
chr6	131148389	131148390	intergenic	-149	149	chr6_131148389_131148390
chr4	80824852	80824853	utr	10854	10854	chr4_80824852_80824853
chr9	112931629	112931630	utr	19	19	chr9_112931629_112931630
chr4	144258314	144258315	utr	26	26	chr4_144258314_144258315
chr5	120273855	120273856	intergenic	7330	7330	chr5_120273855_120273856
chr16	82238461	82238462	intergenic	7055	7055	chr16_82238461_82238462
chr2	89415597	89415598	intergenic	-13392	13392	chr2_89415597_89415598
chr8	106331805	106331806	utr	36	36	chr8_106331805_106331806
chr5	94982627	94982628	utr	38	38	chr5_94982627_94982628
chr7	36776441	36776442	intergenic	-38	38	chr7_36776441_36776442
chr22	41809094	41809095	intergenic	-816	816	chr22_41809094_41809095
chr2	102602384	102602385	intergenic	-2045	2045	chr2_102602384_102602385
chr5	33347279	33347280	intergenic	-14159	14159	chr5_33347279_33347280
chr3	10367447	10367448	utr	-530	530	chr3_10367447_10367448
chr2	145146492	145146493	ucne	39	39	chr2_145146492_145146493
chr13	114059775	114059776	intergenic	-262	262	chr13_114059775_114059776
chr5	138861908	138861909	utr	1	1	chr5_138861908_138861909
chr8	61580059	61580060	intergenic	-11214	11214	chr8_61580059_61580060
chr16	85894397	85894398	intergenic	293	293	chr16_85894397_85894398
chr18	48477337	48477338	intergenic	473	473	chr18_48477337_48477338
chr6	96190950	96190951	intergenic	1951	1951	chr6_96190950_96190951
chr5	164701410	164701411	intergenic	39	39	chr5_164701410_164701411
chr12	29224032	29224033	intergenic	-150	150	chr12_29224032_29224033
chr3	51428672	51428673	intergenic	-32	32	chr3_51428672_51428673
chr10	76583903	76583904	intergenic	-774	774	chr10_76583903_76583904
chr1	2347780	2347781	intergenic	404	404	chr1_2347780_2347781
chr1	244487823	244487824	intergenic	-612	612	chr1_244487823_244487824
chr5	89705506	89705507	utr	0	0	chr5_89705506_89705507
chr16	82252225	82252226	intergenic	20819	20819	chr16_82252225_82252226
chr4	174599553	174599554	intergenic	-20739	20739	chr4_174599553_174599554
chr7	3104258	3104259	intergenic	20685	20685	chr7_3104258_3104259
chr4	90032799	90032800	lincrna	30	30	chr4_90032799_90032800
chr6	13846114	13846115	intergenic	-8281	8281	chr6_13846114_13846115
chr5	167956138	167956139	utr	-151	151	chr5_167956138_167956139
chr6	148909236	148909237	intergenic	-29648	29648	chr6_148909236_148909237
chr3	157474998	157474999	intergenic	-1365	1365	chr3_157474998_157474999
chr20	4744140	4744141	intergenic	14693	14693	chr20_4744140_4744141
chr8	144623762	144623763	intergenic	30	30	chr8_144623762_144623763
chr21	34601673	34601674	intergenic	-515	515	chr21_34601673_34601674
chr9	140095212	140095213	utr	26	26	chr9_140095212_140095213
chr1	234040245	234040246	intergenic	-28	28	chr1_234040245_234040246
chr10	23415250	23415251	intergenic	-10515	10515	chr10_23415250_23415251
chr14	66502988	66502989	intergenic	-6390	6390	chr14_66502988_66502989
chr7	495881	495882	intergenic	-2726	2726	chr7_495881_495882
chr13	111736104	111736105	intergenic	-8	8	chr13_111736104_111736105
chr2	172950024	172950025	utr	-29	29	chr2_172950024_172950025
chr1	185323553	185323554	intergenic	8445	8445	chr1_185323553_185323554
chr10	19479276	19479277	intergenic	-10324	10324	chr10_19479276_19479277
chr1	22128739	22128740	intergenic	-10009	10009	chr1_22128739_22128740
chr22	50237381	50237382	intergenic	-9920	9920	chr22_50237381_50237382
chr13	111382544	111382545	intergenic	-399	399	chr13_111382544_111382545
chr2	44065529	44065530	utr	-368	368	chr2_44065529_44065530
chr19	51814590	51814591	intergenic	-302	302	chr19_51814590_51814591
chr21	18091018	18091019	intergenic	-298	298	chr21_18091018_18091019
chr4	85425193	85425194	intergenic	4709	4709	chr4_85425193_85425194
chr8	145582305	145582306	utr	12	12	chr8_145582305_145582306
chr2	164464353	164464354	utr	-486	486	chr2_164464353_164464354
chr13	56153171	56153172	intergenic	28	28	chr13_56153171_56153172
chr19	3988214	3988215	intergenic	325	325	chr19_3988214_3988215
chr11	111192096	111192097	intergenic	990	990	chr11_111192096_111192097
chr2	220752207	220752208	intergenic	191	191	chr2_220752207_220752208
chr16	58127063	58127064	intergenic	192	192	chr16_58127063_58127064
chr6	44095292	44095293	utr	29	29	chr6_44095292_44095293
chr8	135477969	135477970	intergenic	3796	3796	chr8_135477969_135477970
chr19	10347594	10347595	intergenic	175	175	chr19_10347594_10347595
chr5	72509479	72509480	intergenic	-272	272	chr5_72509479_72509480
chr1	215043728	215043729	intergenic	-276	276	chr1_215043728_215043729
chr5	148806630	148806631	lincrna	154	154	chr5_148806630_148806631
chr22	45064520	45064521	intergenic	3	3	chr22_45064520_45064521
chr7	101459291	101459292	utr	28	28	chr7_101459291_101459292
chr8	62634225	62634226	intergenic	28	28	chr8_62634225_62634226
chr8	75512024	75512025	utr	28	28	chr8_75512024_75512025
chr9	105828421	105828422	intergenic	154	154	chr9_105828421_105828422
chr18	9954248	9954249	utr	8	8	chr18_9954248_9954249
chr19	9938554	9938555	intergenic	-8	8	chr19_9938554_9938555
chr4	2420317	2420318	utr	3	3	chr4_2420317_2420318
chr9	139377937	139377938	intergenic	3	3	chr9_139377937_139377938
chr6	12296642	12296643	utr	-6	6	chr6_12296642_12296643
chr5	156569591	156569592	utr	8	8	chr5_156569591_156569592
chr7	105029337	105029338	utr	8	8	chr7_105029337_105029338
chr7	94537791	94537792	utr	6	6	chr7_94537791_94537792
chr8	25042253	25042254	utr	6	6	chr8_25042253_25042254
chr22	50354382	50354383	utr	2	2	chr22_50354382_50354383
chr6	139695628	139695629	utr	2	2	chr6_139695628_139695629
chr5	176073701	176073702	intergenic	-695	695	chr5_176073701_176073702
chr8	28748052	28748053	utr	0	0	chr8_28748052_28748053
chr1	65713722	65713723	intergenic	-155	155	chr1_65713722_65713723
chr6	52272318	52272319	utr	-156	156	chr6_52272318_52272319
